Filename,Package Name,Risk Level,Malicious Probability,High Threshold,Medium Threshold
_microsoft+api-documenter_1764518319_report.json,@microsoft/api-documenter,LOW,0.0325,0.7748,0.3440
_adobe+aio-lib-ims-jwt_1764518418_report.json,@adobe/aio-lib-ims-jwt,LOW,0.1518,0.7748,0.3440
_webitel+ui-sdk_1764518466_report.json,@webitel/ui-sdk,LOW,0.2237,0.7748,0.3440
vite-plugin-lib-inject-css_1764518404_report.json,vite-plugin-lib-inject-css,LOW,0.2237,0.7748,0.3440
_loki+core_1764518413_report.json,@loki/core,LOW,0.0325,0.7748,0.3440
nofs_1764518436_report.json,nofs,LOW,0.0325,0.7748,0.3440
is-my-ip-valid_1764518389_report.json,is-my-ip-valid,LOW,0.0325,0.7748,0.3440
hxz-api_1764518318_report.json,hxz-api,LOW,0.0325,0.7748,0.3440
_logto+api_1764518310_report.json,@logto/api,LOW,0.0325,0.7748,0.3440
_paroicms+internal-anywhere-lib_1764518464_report.json,@paroicms/internal-anywhere-lib,LOW,0.0325,0.7748,0.3440
_metamask+keyring-api_1764518252_report.json,@metamask/keyring-api,LOW,0.0325,0.7748,0.3440
_testmo+testmo-api_1764518271_report.json,@testmo/testmo-api,LOW,0.0325,0.7748,0.3440
zeelib_1764518459_report.json,zeelib,LOW,0.0325,0.7748,0.3440
_rushstack+heft-api-extractor-plugin_1764518375_report.json,@rushstack/heft-api-extractor-plugin,LOW,0.0325,0.7748,0.3440
_thoughtspot+rest-api-sdk_1764518339_report.json,@thoughtspot/rest-api-sdk,LOW,0.0325,0.7748,0.3440
_svar-ui+lib-dom_1764518425_report.json,@svar-ui/lib-dom,LOW,0.0325,0.7748,0.3440
_enonic-types+lib-admin_1764518435_report.json,@enonic-types/lib-admin,LOW,0.0325,0.7748,0.3440
_aleph-alpha+lib-auth_1764518418_report.json,@aleph-alpha/lib-auth,LOW,0.0325,0.7748,0.3440
_steedos+filters_1764518468_report.json,@steedos/filters,LOW,0.0325,0.7748,0.3440
_ocap+mcrypto_1764518510_report.json,@ocap/mcrypto,LOW,0.0325,0.7748,0.3440
_eslint+core_1764518562_report.json,@eslint/core,LOW,0.0325,0.7748,0.3440
better-xlsx_1764518521_report.json,better-xlsx,LOW,0.0634,0.7748,0.3440
_adobe+aio-lib-core-networking_1764518392_report.json,@adobe/aio-lib-core-networking,LOW,0.1518,0.7748,0.3440
_logion+node-api_1764518268_report.json,@logion/node-api,LOW,0.0325,0.7748,0.3440
_mocks-server+admin-api-paths_1764518279_report.json,@mocks-server/admin-api-paths,LOW,0.0325,0.7748,0.3440
ts-api-utils_1764518238_report.json,ts-api-utils,LOW,0.0325,0.7748,0.3440
_lokalise+node-api_1764518248_report.json,@lokalise/node-api,LOW,0.0325,0.7748,0.3440
_microsoft+api-extractor_1764518259_report.json,@microsoft/api-extractor,LOW,0.0325,0.7748,0.3440
_antv+g-device-api_1764518368_report.json,@antv/g-device-api,LOW,0.0634,0.7748,0.3440
_verdaccio+commons-api_1764518244_report.json,@verdaccio/commons-api,LOW,0.0325,0.7748,0.3440
_types+istanbul-lib-hook_1764518427_report.json,@types/istanbul-lib-hook,LOW,0.0325,0.7748,0.3440
_onfido+api_1764518273_report.json,@onfido/api,LOW,0.0634,0.7748,0.3440
_mollie+api-client_1764518328_report.json,@mollie/api-client,LOW,0.0325,0.7748,0.3440
_forge+api_1764518274_report.json,@forge/api,LOW,0.0325,0.7748,0.3440
_gitbeaker+core_1764518265_report.json,@gitbeaker/core,LOW,0.0325,0.7748,0.3440
dogapi_1764518257_report.json,dogapi,LOW,0.0325,0.7748,0.3440
_base44+sdk_1764518312_report.json,@base44/sdk,LOW,0.0325,0.7748,0.3440
http2-wrapper_1764518363_report.json,http2-wrapper,LOW,0.0325,0.7748,0.3440
enzyme-drivers_1764518564_report.json,enzyme-drivers,LOW,0.0325,0.7748,0.3440
nwsapi_1764518282_report.json,nwsapi,LOW,0.0325,0.7748,0.3440
cordova-serve_1764518495_report.json,cordova-serve,LOW,0.0634,0.7748,0.3440
_rym-lib+uri_1764518525_report.json,@rym-lib/uri,LOW,0.0325,0.7748,0.3440
eccodes-data-grib2_1764518533_report.json,eccodes-data-grib2,LOW,0.0634,0.7748,0.3440
_unkey+api_1764518326_report.json,@unkey/api,LOW,0.0325,0.7748,0.3440
_enonic-types+lib-context_1764518432_report.json,@enonic-types/lib-context,LOW,0.0325,0.7748,0.3440
_capibox+bridge-browser_1764518473_report.json,@capibox/bridge-browser,LOW,0.0325,0.7748,0.3440
google-translate-api-x_1764518368_report.json,google-translate-api-x,LOW,0.0325,0.7748,0.3440
_scalar+api-client_1764518291_report.json,@scalar/api-client,MEDIUM,0.3440,0.7748,0.3440
_types+istanbul-lib-coverage_1764518382_report.json,@types/istanbul-lib-coverage,LOW,0.0325,0.7748,0.3440
_backstage+core-app-api_1764518327_report.json,@backstage/core-app-api,LOW,0.0325,0.7748,0.3440
_liff+is-api-available_1764518291_report.json,@liff/is-api-available,LOW,0.0634,0.7748,0.3440
rfg-api_1764518346_report.json,rfg-api,LOW,0.0325,0.7748,0.3440
json-api-serializer_1764518273_report.json,json-api-serializer,LOW,0.0325,0.7748,0.3440
jquery-deferred_1764518414_report.json,jquery-deferred,LOW,0.0325,0.7748,0.3440
_automattic+tour-kit_1764518540_report.json,@automattic/tour-kit,MEDIUM,0.6824,0.7748,0.3440
_cubejs-backend+api-gateway_1764518365_report.json,@cubejs-backend/api-gateway,MEDIUM,0.3508,0.7748,0.3440
validate-vat_1764518433_report.json,validate-vat,LOW,0.0325,0.7748,0.3440
_emotion+styled_1764518283_report.json,@emotion/styled,LOW,0.0325,0.7748,0.3440
_adyen+api-library_1764518326_report.json,@adyen/api-library,LOW,0.0325,0.7748,0.3440
_nuxtjs+composition-api_1764518338_report.json,@nuxtjs/composition-api,LOW,0.0662,0.7748,0.3440
_rss3+api-utils_1764518381_report.json,@rss3/api-utils,LOW,0.0325,0.7748,0.3440
api-spec-converter_1764518334_report.json,api-spec-converter,LOW,0.2237,0.7748,0.3440
strong-globalize_1764518373_report.json,strong-globalize,LOW,0.0325,0.7748,0.3440
_storybook+core-webpack_1764518380_report.json,@storybook/core-webpack,LOW,0.2237,0.7748,0.3440
_redocly+theme_1764518429_report.json,@redocly/theme,LOW,0.0325,0.7748,0.3440
vue-google-charts_1764518437_report.json,vue-google-charts,LOW,0.0325,0.7748,0.3440
azu-pck-ts_1764518562_report.json,azu-pck-ts,LOW,0.1575,0.7748,0.3440
_twilio-labs+serverless-api_1764518283_report.json,@twilio-labs/serverless-api,LOW,0.0325,0.7748,0.3440
amazon-sp-api_1764518345_report.json,amazon-sp-api,LOW,0.0325,0.7748,0.3440
spotify-web-api-node_1764518322_report.json,spotify-web-api-node,LOW,0.0634,0.7748,0.3440
electron-builder-lib_1764518418_report.json,electron-builder-lib,LOW,0.2237,0.7748,0.3440
_enonic-types+lib-task_1764518442_report.json,@enonic-types/lib-task,LOW,0.0325,0.7748,0.3440
u2f-api_1764518259_report.json,u2f-api,LOW,0.0325,0.7748,0.3440
_react-google-maps+infobox_1764518333_report.json,@react-google-maps/infobox,LOW,0.0634,0.7748,0.3440
serverless-sentry-lib_1764518429_report.json,serverless-sentry-lib,LOW,0.0325,0.7748,0.3440
_typescript-eslint+scope-manager_1764518561_report.json,@typescript-eslint/scope-manager,LOW,0.0325,0.7748,0.3440
react-chartjs_1764518510_report.json,react-chartjs,LOW,0.0325,0.7748,0.3440
jquery-datepicker_1764518476_report.json,jquery-datepicker,LOW,0.0325,0.7748,0.3440
_arcblock+vc_1764518525_report.json,@arcblock/vc,LOW,0.0325,0.7748,0.3440
_types+istanbul-lib-source-maps_1764518389_report.json,@types/istanbul-lib-source-maps,LOW,0.0325,0.7748,0.3440
youtube-player_1764518325_report.json,youtube-player,LOW,0.0325,0.7748,0.3440
_memlab+api_1764518276_report.json,@memlab/api,LOW,0.0400,0.7748,0.3440
_toastdotdev+lib-linux-x64-gnu_1764518437_report.json,@toastdotdev/lib-linux-x64-gnu,LOW,0.0325,0.7748,0.3440
openai_1764518354_report.json,openai,LOW,0.0634,0.7748,0.3440
_scalar+api-reference-react_1764518356_report.json,@scalar/api-reference-react,LOW,0.2237,0.7748,0.3440
_rc-component+mini-decimal_1764518406_report.json,@rc-component/mini-decimal,LOW,0.0325,0.7748,0.3440
_backstage+backend-app-api_1764518297_report.json,@backstage/backend-app-api,LOW,0.0325,0.7748,0.3440
_signatu+lib_1764518550_report.json,@signatu/lib,LOW,0.0634,0.7748,0.3440
slide_1764518475_report.json,slide,LOW,0.0634,0.7748,0.3440
_octokit+graphql_1764518320_report.json,@octokit/graphql,LOW,0.0325,0.7748,0.3440
_steedos+client_1764518483_report.json,@steedos/client,LOW,0.0325,0.7748,0.3440
_eslint-community+eslint-utils_1764518560_report.json,@eslint-community/eslint-utils,LOW,0.0325,0.7748,0.3440
_scalar+api-reference_1764518339_report.json,@scalar/api-reference,LOW,0.2237,0.7748,0.3440
_argos-ci+api-client_1764518261_report.json,@argos-ci/api-client,LOW,0.0325,0.7748,0.3440
uncrypto_1764518334_report.json,uncrypto,LOW,0.0325,0.7748,0.3440
auth-lib_1764518513_report.json,auth-lib,LOW,0.0325,0.7748,0.3440
react-native-game-services_1764518545_report.json,react-native-game-services,LOW,0.0634,0.7748,0.3440
_wordpress+api-fetch_1764518267_report.json,@wordpress/api-fetch,LOW,0.0325,0.7748,0.3440
_serialport+parser-readline_1764518359_report.json,@serialport/parser-readline,LOW,0.0634,0.7748,0.3440
_types+connect-history-api-fallback_1764518240_report.json,@types/connect-history-api-fallback,LOW,0.0325,0.7748,0.3440
baconjs_1764518465_report.json,baconjs,LOW,0.0325,0.7748,0.3440
_asamuzakjp+nwsapi_1764518361_report.json,@asamuzakjp/nwsapi,LOW,0.0325,0.7748,0.3440
_adobe+aio-lib-runtime_1764518415_report.json,@adobe/aio-lib-runtime,LOW,0.1518,0.7748,0.3440
_codingame+monaco-vscode-extension-api_1764518372_report.json,@codingame/monaco-vscode-extension-api,LOW,0.0325,0.7748,0.3440
_npmcli+package-json_1764518317_report.json,@npmcli/package-json,LOW,0.0325,0.7748,0.3440
_actions+glob_1764518392_report.json,@actions/glob,LOW,0.0325,0.7748,0.3440
_allurereport+plugin-api_1764518354_report.json,@allurereport/plugin-api,LOW,0.0325,0.7748,0.3440
_enonic-types+lib-app_1764518460_report.json,@enonic-types/lib-app,LOW,0.0325,0.7748,0.3440
_types+apple-signin-api_1764518341_report.json,@types/apple-signin-api,LOW,0.0325,0.7748,0.3440
miniapp-builder-shared_1764518498_report.json,miniapp-builder-shared,LOW,0.0325,0.7748,0.3440
github-api_1764518299_report.json,github-api,LOW,0.0634,0.7748,0.3440
istanbul-lib-coverage_1764518517_report.json,istanbul-lib-coverage,LOW,0.0325,0.7748,0.3440
seventh_1764518409_report.json,seventh,LOW,0.0325,0.7748,0.3440
_enonic-types+lib-repo_1764518438_report.json,@enonic-types/lib-repo,LOW,0.0325,0.7748,0.3440
ripemd160-min_1764518424_report.json,ripemd160-min,LOW,0.0325,0.7748,0.3440
_enonic-types+lib-scheduler_1764518445_report.json,@enonic-types/lib-scheduler,LOW,0.0325,0.7748,0.3440
google-ads-api_1764518300_report.json,google-ads-api,LOW,0.2237,0.7748,0.3440
validate-vat-ts_1764518442_report.json,validate-vat-ts,LOW,0.0325,0.7748,0.3440
_duckdb+node-api_1764518365_report.json,@duckdb/node-api,LOW,0.0325,0.7748,0.3440
splunk-events_1764518540_report.json,splunk-events,MEDIUM,0.6240,0.7748,0.3440
smartling-api-sdk-nodejs_1764518271_report.json,smartling-api-sdk-nodejs,LOW,0.0325,0.7748,0.3440
rgbquant_1764518465_report.json,rgbquant,LOW,0.0325,0.7748,0.3440
pdf-lib_1764518517_report.json,pdf-lib,LOW,0.0325,0.7748,0.3440
ini-api_1764518363_report.json,ini-api,LOW,0.0325,0.7748,0.3440
_types+createjs-lib_1764518404_report.json,@types/createjs-lib,LOW,0.0325,0.7748,0.3440
_aws-sdk+client-api-gateway_1764518335_report.json,@aws-sdk/client-api-gateway,LOW,0.0325,0.7748,0.3440
_enonic-types+lib-event_1764518435_report.json,@enonic-types/lib-event,LOW,0.0325,0.7748,0.3440
youboralib_1764518406_report.json,youboralib,LOW,0.0634,0.7748,0.3440
jest-when_1764518409_report.json,jest-when,LOW,0.2441,0.7748,0.3440
_kintone+rest-api-client_1764518370_report.json,@kintone/rest-api-client,LOW,0.2237,0.7748,0.3440
dropbox-v2-api_1764518351_report.json,dropbox-v2-api,LOW,0.0325,0.7748,0.3440
_storybook+api_1764518244_report.json,@storybook/api,LOW,0.0325,0.7748,0.3440
_loki+integration-core_1764518410_report.json,@loki/integration-core,LOW,0.0325,0.7748,0.3440
_openhealth+oht-custom-parser-lib_1764518525_report.json,@openhealth/oht-custom-parser-lib,HIGH,0.9484,0.7748,0.3440
_types+istanbul-lib-instrument_1764518387_report.json,@types/istanbul-lib-instrument,LOW,0.0325,0.7748,0.3440
_twurple+api_1764518359_report.json,@twurple/api,LOW,0.0325,0.7748,0.3440
ews-javascript-api_1764518370_report.json,ews-javascript-api,LOW,0.0325,0.7748,0.3440
_crowdin+crowdin-api-client_1764518255_report.json,@crowdin/crowdin-api-client,LOW,0.0325,0.7748,0.3440
n8n-nodes-evolution-api_1764518286_report.json,n8n-nodes-evolution-api,LOW,0.2441,0.7748,0.3440
jsforce_1764518390_report.json,jsforce,LOW,0.2237,0.7748,0.3440
twitter-api-v2_1764518349_report.json,twitter-api-v2,LOW,0.0634,0.7748,0.3440
_react-google-maps+marker-clusterer_1764518359_report.json,@react-google-maps/marker-clusterer,LOW,0.0634,0.7748,0.3440
_netlify+open-api_1764518242_report.json,@netlify/open-api,LOW,0.0325,0.7748,0.3440
_tiendanube+react-experiments_1764518512_report.json,@tiendanube/react-experiments,LOW,0.0325,0.7748,0.3440
_giphy+js-fetch-api_1764518262_report.json,@giphy/js-fetch-api,LOW,0.0325,0.7748,0.3440
_capibox+bridge-server_1764518512_report.json,@capibox/bridge-server,LOW,0.2441,0.7748,0.3440
modal-box_1764518515_report.json,modal-box,LOW,0.0325,0.7748,0.3440
_allurereport+core-api_1764518365_report.json,@allurereport/core-api,LOW,0.0325,0.7748,0.3440
pdf-lib-incremental-save_1764518422_report.json,pdf-lib-incremental-save,LOW,0.0325,0.7748,0.3440
_polkadot+api-augment_1764518265_report.json,@polkadot/api-augment,LOW,0.0325,0.7748,0.3440
_octokit+endpoint_1764518280_report.json,@octokit/endpoint,LOW,0.0325,0.7748,0.3440
sitemap_1764518387_report.json,sitemap,LOW,0.0325,0.7748,0.3440
_swagger-api+apidom-ns-api-design-systems_1764518266_report.json,@swagger-api/apidom-ns-api-design-systems,LOW,0.2237,0.7748,0.3440
_allurereport+reader-api_1764518373_report.json,@allurereport/reader-api,LOW,0.0325,0.7748,0.3440
mongodb-atlas-api-client_1764518360_report.json,mongodb-atlas-api-client,LOW,0.0325,0.7748,0.3440
_actions+github_1764518386_report.json,@actions/github,LOW,0.0325,0.7748,0.3440
_webcontainer+api_1764518251_report.json,@webcontainer/api,LOW,0.0325,0.7748,0.3440
fast-memoize_1764518394_report.json,fast-memoize,LOW,0.0325,0.7748,0.3440
_ionic-enterprise+cordova-lib_1764518560_report.json,@ionic-enterprise/cordova-lib,LOW,0.0325,0.7748,0.3440
memfs_1764518311_report.json,memfs,LOW,0.0325,0.7748,0.3440
microjob_1764518506_report.json,microjob,LOW,0.0325,0.7748,0.3440
_shopify+shopify-api_1764518323_report.json,@shopify/shopify-api,LOW,0.0325,0.7748,0.3440
_enonic-types+lib-mail_1764518445_report.json,@enonic-types/lib-mail,LOW,0.0325,0.7748,0.3440
_enonic-types+lib-content_1764518431_report.json,@enonic-types/lib-content,LOW,0.0325,0.7748,0.3440
_enonic-types+lib-react4xp_1764518491_report.json,@enonic-types/lib-react4xp,LOW,0.0325,0.7748,0.3440
_toastdotdev+lib_1764518420_report.json,@toastdotdev/lib,LOW,0.0325,0.7748,0.3440
_overwolf+ow-app-builder-lib_1764518466_report.json,@overwolf/ow-app-builder-lib,MEDIUM,0.3459,0.7748,0.3440
ejs-include-regex_1764518415_report.json,ejs-include-regex,LOW,0.0325,0.7748,0.3440
_arcblock+did_1764518496_report.json,@arcblock/did,LOW,0.0325,0.7748,0.3440
_slack+rtm-api_1764518381_report.json,@slack/rtm-api,LOW,0.0325,0.7748,0.3440
ansis_1764518383_report.json,ansis,LOW,0.0325,0.7748,0.3440
clipper-js_1764518555_report.json,clipper-js,LOW,0.0325,0.7748,0.3440
angular-auth-oidc-client_1764518402_report.json,angular-auth-oidc-client,LOW,0.0325,0.7748,0.3440
_contrast+agent-lib_1764518477_report.json,@contrast/agent-lib,LOW,0.0325,0.7748,0.3440
_metamask+account-api_1764518260_report.json,@metamask/account-api,LOW,0.0325,0.7748,0.3440
_svar-ui+lib-state_1764518428_report.json,@svar-ui/lib-state,LOW,0.0325,0.7748,0.3440
_types+tryghost__content-api_1764518373_report.json,@types/tryghost__content-api,LOW,0.0325,0.7748,0.3440
_blocklet+launcher-ux_1764518636_report.json,@blocklet/launcher-ux,MEDIUM,0.3452,0.7748,0.3440
parse-git-url_1764518421_report.json,parse-git-url,LOW,0.0325,0.7748,0.3440
wx-lib-dom_1764518484_report.json,wx-lib-dom,LOW,0.0325,0.7748,0.3440
_google-cloud+tasks_1764518381_report.json,@google-cloud/tasks,LOW,0.2237,0.7748,0.3440
zapier-platform-json-schema_1764518507_report.json,zapier-platform-json-schema,LOW,0.0325,0.7748,0.3440
swagger-typescript-api_1764518313_report.json,swagger-typescript-api,LOW,0.0325,0.7748,0.3440
figma-api_1764518287_report.json,figma-api,LOW,0.0325,0.7748,0.3440
api-autoresbot_1764518379_report.json,api-autoresbot,LOW,0.0325,0.7748,0.3440
onnxruntime-common_1764518333_report.json,onnxruntime-common,LOW,0.0325,0.7748,0.3440
_backstage+core-plugin-api_1764518294_report.json,@backstage/core-plugin-api,LOW,0.0325,0.7748,0.3440
node-key-sender_1764518478_report.json,node-key-sender,LOW,0.0325,0.7748,0.3440
cordova-lib_1764518401_report.json,cordova-lib,LOW,0.0325,0.7748,0.3440
wx-lib-svelte_1764518503_report.json,wx-lib-svelte,LOW,0.0325,0.7748,0.3440
_adobe+aio-lib-env_1764518404_report.json,@adobe/aio-lib-env,LOW,0.1518,0.7748,0.3440
_spartez-software+test-utils_1764518504_report.json,@spartez-software/test-utils,LOW,0.0325,0.7748,0.3440
_aleph-alpha+lib-http_1764518408_report.json,@aleph-alpha/lib-http,LOW,0.0325,0.7748,0.3440
_transifex+api_1764518303_report.json,@transifex/api,LOW,0.2237,0.7748,0.3440
mocker-api_1764518355_report.json,mocker-api,LOW,0.0325,0.7748,0.3440
traverser_1764518537_report.json,traverser,LOW,0.0325,0.7748,0.3440
_graphiql+plugin-history_1764518357_report.json,@graphiql/plugin-history,LOW,0.0325,0.7748,0.3440
_enonic-types+lib-grid_1764518445_report.json,@enonic-types/lib-grid,LOW,0.0325,0.7748,0.3440
_oxc-resolver+binding-linux-x64-gnu_1764518375_report.json,@oxc-resolver/binding-linux-x64-gnu,LOW,0.0325,0.7748,0.3440
node-telegram-bot-api_1764518253_report.json,node-telegram-bot-api,LOW,0.0325,0.7748,0.3440
playwright_1764518313_report.json,playwright,LOW,0.0325,0.7748,0.3440
safe-buffer_1764518240_report.json,safe-buffer,LOW,0.0325,0.7748,0.3440
ios-device-lib_1764518392_report.json,ios-device-lib,LOW,0.0325,0.7748,0.3440
buffer_1764518255_report.json,buffer,LOW,0.0325,0.7748,0.3440
_stryker-mutator+api_1764518323_report.json,@stryker-mutator/api,LOW,0.0325,0.7748,0.3440
_alwaysmeticulous+api_1764518261_report.json,@alwaysmeticulous/api,LOW,0.0325,0.7748,0.3440
poline_1764518514_report.json,poline,LOW,0.0325,0.7748,0.3440
_enonic-types+lib-cluster_1764518443_report.json,@enonic-types/lib-cluster,LOW,0.0325,0.7748,0.3440
_antv+g-camera-api_1764518295_report.json,@antv/g-camera-api,LOW,0.0325,0.7748,0.3440
json-difference_1764518411_report.json,json-difference,LOW,0.0325,0.7748,0.3440
lib_1764518382_report.json,lib,LOW,0.0325,0.7748,0.3440
_discordjs+rest_1764518374_report.json,@discordjs/rest,LOW,0.0325,0.7748,0.3440
_actions+exec_1764518383_report.json,@actions/exec,LOW,0.0325,0.7748,0.3440
discord-api-types_1764518278_report.json,discord-api-types,LOW,0.0325,0.7748,0.3440
broccoli-node-api_1764518242_report.json,broccoli-node-api,LOW,0.0325,0.7748,0.3440
web3_1764518284_report.json,web3,LOW,0.0325,0.7748,0.3440
_visactor+vchart_1764518484_report.json,@visactor/vchart,LOW,0.0325,0.7748,0.3440
whatwg-url_1764518339_report.json,whatwg-url,LOW,0.0325,0.7748,0.3440
confluence-api_1764518312_report.json,confluence-api,LOW,0.0325,0.7748,0.3440
_typescript-eslint+parser_1764518573_report.json,@typescript-eslint/parser,LOW,0.0325,0.7748,0.3440
_microsoft+api-extractor-model_1764518285_report.json,@microsoft/api-extractor-model,LOW,0.0325,0.7748,0.3440
nypr-publisher-lib_1764518509_report.json,nypr-publisher-lib,MEDIUM,0.7396,0.7748,0.3440
lib-esm_1764518387_report.json,lib-esm,LOW,0.0325,0.7748,0.3440
_swagger-api+apidom-parser-adapter-api-design-systems-json_1764518297_report.json,@swagger-api/apidom-parser-adapter-api-design-systems-json,LOW,0.2441,0.7748,0.3440
_eslint+plugin-kit_1764518564_report.json,@eslint/plugin-kit,LOW,0.0325,0.7748,0.3440
_hernas+app-builder-lib_1764518489_report.json,@hernas/app-builder-lib,MEDIUM,0.3459,0.7748,0.3440
_graphiql+plugin-doc-explorer_1764518362_report.json,@graphiql/plugin-doc-explorer,LOW,0.0325,0.7748,0.3440
_actions+artifact_1764518408_report.json,@actions/artifact,LOW,0.0325,0.7748,0.3440
_rxdrag+website-lib_1764518567_report.json,@rxdrag/website-lib,LOW,0.2441,0.7748,0.3440
simple-drawing-board_1764518476_report.json,simple-drawing-board,LOW,0.0325,0.7748,0.3440
_robhan-cdk-lib+utils_1764518448_report.json,@robhan-cdk-lib/utils,LOW,0.0325,0.7748,0.3440
_walletconnect+relay-api_1764518238_report.json,@walletconnect/relay-api,LOW,0.0325,0.7748,0.3440
api_1764518250_report.json,api,LOW,0.2237,0.7748,0.3440
_adobe+aio-lib-console_1764518430_report.json,@adobe/aio-lib-console,MEDIUM,0.7600,0.7748,0.3440
klaviyo-api_1764518308_report.json,klaviyo-api,LOW,0.0325,0.7748,0.3440
wx-lib-state_1764518504_report.json,wx-lib-state,LOW,0.0325,0.7748,0.3440
_svar-ui+lib-react_1764518510_report.json,@svar-ui/lib-react,LOW,0.0325,0.7748,0.3440
node-api-version_1764518305_report.json,node-api-version,LOW,0.0634,0.7748,0.3440
webphone-lib_1764518521_report.json,webphone-lib,LOW,0.0325,0.7748,0.3440
node-api-headers_1764518242_report.json,node-api-headers,LOW,0.0325,0.7748,0.3440
_adobe+aio-cli-lib-app-config_1764518496_report.json,@adobe/aio-cli-lib-app-config,LOW,0.1518,0.7748,0.3440
node-docker-api_1764518259_report.json,node-docker-api,LOW,0.0325,0.7748,0.3440
api-contract-validator_1764518279_report.json,api-contract-validator,LOW,0.0325,0.7748,0.3440
hans-ui-design-lib_1764518482_report.json,hans-ui-design-lib,LOW,0.0634,0.7748,0.3440
_webassemblyjs+helper-api-error_1764518237_report.json,@webassemblyjs/helper-api-error,LOW,0.0325,0.7748,0.3440
_playwright+test_1764518331_report.json,@playwright/test,LOW,0.0325,0.7748,0.3440
node-parse-api_1764518330_report.json,node-parse-api,LOW,0.0634,0.7748,0.3440
_doodle3d+clipper-js_1764518505_report.json,@doodle3d/clipper-js,LOW,0.0325,0.7748,0.3440
light-fsm-lib_1764518511_report.json,light-fsm-lib,LOW,0.0325,0.7748,0.3440
_backstage+backend-plugin-api_1764518279_report.json,@backstage/backend-plugin-api,LOW,0.0325,0.7748,0.3440
_enonic-types+lib-node_1764518433_report.json,@enonic-types/lib-node,LOW,0.0325,0.7748,0.3440
stack-chain_1764518346_report.json,stack-chain,LOW,0.0325,0.7748,0.3440
xfarr-api_1764518369_report.json,xfarr-api,LOW,0.0325,0.7748,0.3440
_vitalets+google-translate-api_1764518331_report.json,@vitalets/google-translate-api,LOW,0.0325,0.7748,0.3440
eslint-plugin-react-hooks_1764518573_report.json,eslint-plugin-react-hooks,LOW,0.0325,0.7748,0.3440
browser-type-check_1764518548_report.json,browser-type-check,LOW,0.0325,0.7748,0.3440
istanbul-lib-source-maps_1764518540_report.json,istanbul-lib-source-maps,MEDIUM,0.6240,0.7748,0.3440
_aws-cdk+aws-apigatewayv2-alpha_1764518490_report.json,@aws-cdk/aws-apigatewayv2-alpha,LOW,0.0325,0.7748,0.3440
_enonic-types+lib-websocket_1764518439_report.json,@enonic-types/lib-websocket,LOW,0.0325,0.7748,0.3440
dom-helper_1764518507_report.json,dom-helper,LOW,0.0325,0.7748,0.3440
_opentelemetry+api_1764518237_report.json,@opentelemetry/api,LOW,0.0325,0.7748,0.3440
_stich_47+api-lib_1764518502_report.json,@stich_47/api-lib,LOW,0.0325,0.7748,0.3440
_node-red+editor-api_1764518316_report.json,@node-red/editor-api,LOW,0.0325,0.7748,0.3440
launchdarkly-api-typescript_1764518310_report.json,launchdarkly-api-typescript,LOW,0.0325,0.7748,0.3440
_ds-systems+ds-ui-lib_1764518517_report.json,@ds-systems/ds-ui-lib,LOW,0.0325,0.7748,0.3440
_toastdotdev+lib-darwin-x64_1764518473_report.json,@toastdotdev/lib-darwin-x64,LOW,0.0325,0.7748,0.3440
_octokit+plugin-paginate-rest_1764518331_report.json,@octokit/plugin-paginate-rest,LOW,0.0325,0.7748,0.3440
dom-helpers_1764518384_report.json,dom-helpers,LOW,0.0325,0.7748,0.3440
eslint-plugin-eslint-comments_1764518566_report.json,eslint-plugin-eslint-comments,LOW,0.0325,0.7748,0.3440
testrail-api_1764518349_report.json,testrail-api,LOW,0.0634,0.7748,0.3440
cozy-mespapiers-lib_1764518502_report.json,cozy-mespapiers-lib,LOW,0.0325,0.7748,0.3440
azure-pipelines-tool-lib_1764518456_report.json,azure-pipelines-tool-lib,LOW,0.0634,0.7748,0.3440
svelte-forms-lib_1764518420_report.json,svelte-forms-lib,LOW,0.0325,0.7748,0.3440
nanoajax_1764518513_report.json,nanoajax,LOW,0.0325,0.7748,0.3440
_woocommerce+woocommerce-rest-api_1764518355_report.json,@woocommerce/woocommerce-rest-api,LOW,0.0325,0.7748,0.3440
dockerode_1764518312_report.json,dockerode,LOW,0.0080,0.7748,0.3440
near-api-js_1764518339_report.json,near-api-js,LOW,0.2441,0.7748,0.3440
_storybook+core-common_1764518372_report.json,@storybook/core-common,LOW,0.2237,0.7748,0.3440
_mondaydotcomorg+api_1764518246_report.json,@mondaydotcomorg/api,LOW,0.0325,0.7748,0.3440
_aws-amplify+api_1764518248_report.json,@aws-amplify/api,LOW,0.0325,0.7748,0.3440
_aws-cdk+aws-apigatewayv2-integrations-alpha_1764518555_report.json,@aws-cdk/aws-apigatewayv2-integrations-alpha,LOW,0.0325,0.7748,0.3440
_naiheyoung+color_1764518554_report.json,@naiheyoung/color,LOW,0.0325,0.7748,0.3440
_octokit+rest_1764518277_report.json,@octokit/rest,LOW,0.0325,0.7748,0.3440
_hubspot+api-client_1764518248_report.json,@hubspot/api-client,LOW,0.0325,0.7748,0.3440
_typescript-eslint+eslint-plugin_1764518566_report.json,@typescript-eslint/eslint-plugin,LOW,0.0325,0.7748,0.3440
_enonic-types+lib-vhost_1764518462_report.json,@enonic-types/lib-vhost,LOW,0.0325,0.7748,0.3440
_dynamic-labs+sdk-api-core_1764518374_report.json,@dynamic-labs/sdk-api-core,LOW,0.0325,0.7748,0.3440
_abtnode+logger_1764518488_report.json,@abtnode/logger,MEDIUM,0.7011,0.7748,0.3440
color2k_1764518394_report.json,color2k,LOW,0.0325,0.7748,0.3440
_enonic-types+lib-auditlog_1764518462_report.json,@enonic-types/lib-auditlog,LOW,0.0325,0.7748,0.3440
sodium_1764518495_report.json,sodium,MEDIUM,0.3440,0.7748,0.3440
_liff+server-api_1764518266_report.json,@liff/server-api,LOW,0.0325,0.7748,0.3440
eslint-utils_1764518563_report.json,eslint-utils,LOW,0.0325,0.7748,0.3440
_enonic-types+lib-auth_1764518431_report.json,@enonic-types/lib-auth,LOW,0.0325,0.7748,0.3440
_shopware+api-client_1764518341_report.json,@shopware/api-client,LOW,0.0325,0.7748,0.3440
stripe_1764518255_report.json,stripe,LOW,0.0325,0.7748,0.3440
ergo-lib-wasm-nodejs_1764518421_report.json,ergo-lib-wasm-nodejs,LOW,0.0325,0.7748,0.3440
emoji-api_1764518333_report.json,emoji-api,LOW,0.0325,0.7748,0.3440
_adobe+aio-lib-ims-oauth_1764518424_report.json,@adobe/aio-lib-ims-oauth,LOW,0.1518,0.7748,0.3440
_netlify+api_1764518242_report.json,@netlify/api,LOW,0.0325,0.7748,0.3440
_bitgo-beta+utxo-ord_1764518449_report.json,@bitgo-beta/utxo-ord,LOW,0.0325,0.7748,0.3440
af-mobile-client-vue3_1764518569_report.json,af-mobile-client-vue3,LOW,0.2237,0.7748,0.3440
hyper-cmd-lib-keys_1764518435_report.json,hyper-cmd-lib-keys,LOW,0.0325,0.7748,0.3440
_loki+target-native-core_1764518414_report.json,@loki/target-native-core,LOW,0.0325,0.7748,0.3440
_sinonjs+text-encoding_1764518342_report.json,@sinonjs/text-encoding,LOW,0.0325,0.7748,0.3440
pdf-lib-draw-table-beta_1764518547_report.json,pdf-lib-draw-table-beta,LOW,0.0325,0.7748,0.3440
_moralisweb3+sol-api_1764518277_report.json,@moralisweb3/sol-api,LOW,0.0325,0.7748,0.3440
_btielen+pdf-lib-fontkit_1764518501_report.json,@btielen/pdf-lib-fontkit,LOW,0.0634,0.7748,0.3440
_storybook+manager-api_1764518245_report.json,@storybook/manager-api,LOW,0.2237,0.7748,0.3440
_actions+tool-cache_1764518407_report.json,@actions/tool-cache,LOW,0.0325,0.7748,0.3440
_eslint+config-helpers_1764518567_report.json,@eslint/config-helpers,LOW,0.0325,0.7748,0.3440
_nanogiants+nestjs-swagger-api-exception-decorator_1764518375_report.json,@nanogiants/nestjs-swagger-api-exception-decorator,LOW,0.0662,0.7748,0.3440
_loki+target-chrome-core_1764518417_report.json,@loki/target-chrome-core,LOW,0.0325,0.7748,0.3440
_enonic-types+lib-i18n_1764518440_report.json,@enonic-types/lib-i18n,LOW,0.0325,0.7748,0.3440
trading-vue-js_1764518509_report.json,trading-vue-js,LOW,0.0325,0.7748,0.3440
_storybook+client-api_1764518243_report.json,@storybook/client-api,LOW,0.0325,0.7748,0.3440
topcoder-react-lib_1764518542_report.json,topcoder-react-lib,LOW,0.0634,0.7748,0.3440
_actions+cache_1764518412_report.json,@actions/cache,LOW,0.0325,0.7748,0.3440
node-fetch_1764518336_report.json,node-fetch,LOW,0.0325,0.7748,0.3440
_actions+core_1764518384_report.json,@actions/core,LOW,0.0325,0.7748,0.3440
app-builder-lib_1764518404_report.json,app-builder-lib,MEDIUM,0.3459,0.7748,0.3440
prometheus-api-metrics_1764518377_report.json,prometheus-api-metrics,LOW,0.0325,0.7748,0.3440
_cspell+cspell-types_1764518395_report.json,@cspell/cspell-types,LOW,0.0325,0.7748,0.3440
_tarojs+api_1764518342_report.json,@tarojs/api,LOW,0.0325,0.7748,0.3440
_item-enonic-types+lib-time_1764518554_report.json,@item-enonic-types/lib-time,LOW,0.0325,0.7748,0.3440
csv-stringify_1764518346_report.json,csv-stringify,LOW,0.0325,0.7748,0.3440
_moralisweb3+aptos-api_1764518276_report.json,@moralisweb3/aptos-api,LOW,0.0325,0.7748,0.3440
_adobe+aio-lib-test-proxy_1764518553_report.json,@adobe/aio-lib-test-proxy,LOW,0.1518,0.7748,0.3440
shopify-api-node_1764518265_report.json,shopify-api-node,LOW,0.0325,0.7748,0.3440
node-addon-api_1764518237_report.json,node-addon-api,LOW,0.0634,0.7748,0.3440
_octokit+auth-token_1764518303_report.json,@octokit/auth-token,LOW,0.0634,0.7748,0.3440
_aws-amplify+api-graphql_1764518256_report.json,@aws-amplify/api-graphql,LOW,0.0325,0.7748,0.3440
json-api-normalizer_1764518262_report.json,json-api-normalizer,LOW,0.2237,0.7748,0.3440
isomorphic-fetch_1764518368_report.json,isomorphic-fetch,LOW,0.0325,0.7748,0.3440
_paroicms+public-anywhere-lib_1764518461_report.json,@paroicms/public-anywhere-lib,LOW,0.0325,0.7748,0.3440
_types+arcgis-rest-api_1764518366_report.json,@types/arcgis-rest-api,LOW,0.0325,0.7748,0.3440
algoliasearch_1764518360_report.json,algoliasearch,LOW,0.0325,0.7748,0.3440
_inh-lib+common_1764518553_report.json,@inh-lib/common,LOW,0.0325,0.7748,0.3440
_toastdotdev+lib-win32-x64-msvc_1764518473_report.json,@toastdotdev/lib-win32-x64-msvc,LOW,0.0325,0.7748,0.3440
_toptal+davinci-skeleton-lib_1764518499_report.json,@toptal/davinci-skeleton-lib,LOW,0.0325,0.7748,0.3440
_azure+swagger-validation-common_1764518423_report.json,@azure/swagger-validation-common,LOW,0.0325,0.7748,0.3440
list-to-array_1764518473_report.json,list-to-array,LOW,0.0325,0.7748,0.3440
_hmcts+rpx-xui-common-lib_1764518507_report.json,@hmcts/rpx-xui-common-lib,LOW,0.0325,0.7748,0.3440
_guo514360255+antd-lib_1764518456_report.json,@guo514360255/antd-lib,LOW,0.0634,0.7748,0.3440
_sendgrid+client_1764518315_report.json,@sendgrid/client,LOW,0.0325,0.7748,0.3440
_neondatabase+api-client_1764518262_report.json,@neondatabase/api-client,LOW,0.0325,0.7748,0.3440
_liveauctioneers+api-test-lib_1764518482_report.json,@liveauctioneers/api-test-lib,LOW,0.0325,0.7748,0.3440
_antv+s2_1764518484_report.json,@antv/s2,LOW,0.0325,0.7748,0.3440
_vscode+copilot-api_1764518315_report.json,@vscode/copilot-api,LOW,0.0325,0.7748,0.3440
_enonic-types+lib-value_1764518440_report.json,@enonic-types/lib-value,LOW,0.0325,0.7748,0.3440
ergo-lib-wasm-browser_1764518513_report.json,ergo-lib-wasm-browser,LOW,0.0325,0.7748,0.3440
_tableau+embedding-api_1764518323_report.json,@tableau/embedding-api,LOW,0.0325,0.7748,0.3440
_actions+io_1764518384_report.json,@actions/io,LOW,0.0325,0.7748,0.3440
_typescript-eslint+utils_1764518571_report.json,@typescript-eslint/utils,LOW,0.0325,0.7748,0.3440
_whatwg-node+node-fetch_1764518380_report.json,@whatwg-node/node-fetch,LOW,0.0325,0.7748,0.3440
keycharm_1764518394_report.json,keycharm,LOW,0.0325,0.7748,0.3440
qwep-kit_1764518543_report.json,qwep-kit,LOW,0.0325,0.7748,0.3440
hel-lib-proxy_1764518529_report.json,hel-lib-proxy,LOW,0.0325,0.7748,0.3440
_enonic-types+lib-io_1764518439_report.json,@enonic-types/lib-io,LOW,0.0325,0.7748,0.3440
redux-api-middleware_1764518299_report.json,redux-api-middleware,LOW,0.0325,0.7748,0.3440
ansi-html_1764518397_report.json,ansi-html,LOW,0.0634,0.7748,0.3440
docker-modem_1764518343_report.json,docker-modem,LOW,0.0080,0.7748,0.3440
grape_1764518515_report.json,grape,LOW,0.0325,0.7748,0.3440
oxc-resolver_1764518359_report.json,oxc-resolver,LOW,0.0634,0.7748,0.3440
hb-lib-tools_1764518399_report.json,hb-lib-tools,LOW,0.0634,0.7748,0.3440
_enonic-types+lib-common_1764518436_report.json,@enonic-types/lib-common,LOW,0.0325,0.7748,0.3440
fullscreen-api-polyfill_1764518305_report.json,fullscreen-api-polyfill,LOW,0.0325,0.7748,0.3440
_goauthentik+api_1764518379_report.json,@goauthentik/api,LOW,0.0325,0.7748,0.3440
_tauri-apps+api_1764518244_report.json,@tauri-apps/api,LOW,0.0325,0.7748,0.3440
_request+api_1764518258_report.json,@request/api,LOW,0.0325,0.7748,0.3440
_actions+attest_1764518458_report.json,@actions/attest,LOW,0.0325,0.7748,0.3440
tailwind-api-utils_1764518306_report.json,tailwind-api-utils,LOW,0.0325,0.7748,0.3440
_types+node-telegram-bot-api_1764518379_report.json,@types/node-telegram-bot-api,LOW,0.0325,0.7748,0.3440
babel-plugin-transform-imports_1764518476_report.json,babel-plugin-transform-imports,LOW,0.0325,0.7748,0.3440
myrtex-lib_1764518473_report.json,myrtex-lib,LOW,0.2237,0.7748,0.3440
_formatjs+cli-lib_1764518391_report.json,@formatjs/cli-lib,LOW,0.0325,0.7748,0.3440
_angular-architects+module-federation-runtime_1764518419_report.json,@angular-architects/module-federation-runtime,LOW,0.0325,0.7748,0.3440
create-lib_1764518529_report.json,create-lib,LOW,0.0634,0.7748,0.3440
eslint-scope_1764518558_report.json,eslint-scope,LOW,0.0634,0.7748,0.3440
safer-buffer_1764518256_report.json,safer-buffer,LOW,0.0325,0.7748,0.3440
_cg-devcenter+jsb_1764518538_report.json,@cg-devcenter/jsb,LOW,0.0325,0.7748,0.3440
authy_1764518431_report.json,authy,LOW,0.0325,0.7748,0.3440
_substrate+txwrapper-core_1764518417_report.json,@substrate/txwrapper-core,LOW,0.2237,0.7748,0.3440
_aws-amplify+amplify-category-api_1764518473_report.json,@aws-amplify/amplify-category-api,MEDIUM,0.7244,0.7748,0.3440
_enonic-types+lib-export_1764518449_report.json,@enonic-types/lib-export,LOW,0.0325,0.7748,0.3440
_here-wallet+core_1764518547_report.json,@here-wallet/core,LOW,0.2441,0.7748,0.3440
keymirror_1764518509_report.json,keymirror,LOW,0.0325,0.7748,0.3440
_langchain+langgraph-api_1764518363_report.json,@langchain/langgraph-api,LOW,0.2237,0.7748,0.3440
_oxc-resolver+binding-linux-x64-musl_1764518362_report.json,@oxc-resolver/binding-linux-x64-musl,LOW,0.0325,0.7748,0.3440
coingecko-api-v3_1764518344_report.json,coingecko-api-v3,LOW,0.0325,0.7748,0.3440
_eslint-community+eslint-plugin-eslint-comments_1764518571_report.json,@eslint-community/eslint-plugin-eslint-comments,LOW,0.0325,0.7748,0.3440
_studiokloek+ts-core-lib_1764518478_report.json,@studiokloek/ts-core-lib,LOW,0.0325,0.7748,0.3440
_prismicio+api-renderer_1764518341_report.json,@prismicio/api-renderer,LOW,0.0325,0.7748,0.3440
_gitbook+api_1764518363_report.json,@gitbook/api,LOW,0.0325,0.7748,0.3440
_enonic-types+lib-portal_1764518431_report.json,@enonic-types/lib-portal,LOW,0.0325,0.7748,0.3440
_squiz+db-lib_1764518457_report.json,@squiz/db-lib,LOW,0.1518,0.7748,0.3440
_aws-sdk+middleware-sdk-api-gateway_1764518297_report.json,@aws-sdk/middleware-sdk-api-gateway,LOW,0.0325,0.7748,0.3440
matrix-widget-api_1764518316_report.json,matrix-widget-api,LOW,0.0325,0.7748,0.3440
_google-cloud+run_1764518324_report.json,@google-cloud/run,LOW,0.2237,0.7748,0.3440
gettyimages-api_1764518297_report.json,gettyimages-api,LOW,0.0325,0.7748,0.3440
_braintree+wrap-promise_1764518423_report.json,@braintree/wrap-promise,LOW,0.0325,0.7748,0.3440
_blocklet+crawler_1764518547_report.json,@blocklet/crawler,HIGH,0.8936,0.7748,0.3440
_inquirer+core_1764518269_report.json,@inquirer/core,LOW,0.0325,0.7748,0.3440
_svar-ui+lib-svelte_1764518428_report.json,@svar-ui/lib-svelte,LOW,0.0325,0.7748,0.3440
_bull-board+api_1764518280_report.json,@bull-board/api,LOW,0.0325,0.7748,0.3440
_types+react-native-pdf-lib_1764518488_report.json,@types/react-native-pdf-lib,LOW,0.0325,0.7748,0.3440
_seidor-cloud-produtos+orbit-backend-lib_1764518442_report.json,@seidor-cloud-produtos/orbit-backend-lib,LOW,0.0325,0.7748,0.3440
ansi-html-community_1764518392_report.json,ansi-html-community,LOW,0.0325,0.7748,0.3440
_toastdotdev+lib-darwin-arm64_1764518462_report.json,@toastdotdev/lib-darwin-arm64,LOW,0.0325,0.7748,0.3440
jest-mock_1764518285_report.json,jest-mock,LOW,0.0325,0.7748,0.3440
cypress-plugin-api_1764518308_report.json,cypress-plugin-api,LOW,0.1200,0.7748,0.3440
_medusajs+api-key_1764518294_report.json,@medusajs/api-key,LOW,0.0634,0.7748,0.3440
_eslint+eslintrc_1764518567_report.json,@eslint/eslintrc,LOW,0.0325,0.7748,0.3440
_asseinfo+react-kanban_1764518490_report.json,@asseinfo/react-kanban,LOW,0.0325,0.7748,0.3440
_slack+web-api_1764518240_report.json,@slack/web-api,LOW,0.0325,0.7748,0.3440
webflow-api_1764518369_report.json,webflow-api,LOW,0.0325,0.7748,0.3440
_types+bitcore-lib-cash_1764518482_report.json,@types/bitcore-lib-cash,LOW,0.0634,0.7748,0.3440
_types+adobe__aio-lib-analytics_1764518426_report.json,@types/adobe__aio-lib-analytics,LOW,0.0325,0.7748,0.3440
_dataform+core_1764518254_report.json,@dataform/core,LOW,0.0325,0.7748,0.3440
callsites_1764518287_report.json,callsites,LOW,0.0325,0.7748,0.3440
_auto-euro+ae-tools-lib_1764518447_report.json,@auto-euro/ae-tools-lib,LOW,0.2237,0.7748,0.3440
_enonic-types+lib-project_1764518459_report.json,@enonic-types/lib-project,LOW,0.0325,0.7748,0.3440
_redocly+respect-core_1764518309_report.json,@redocly/respect-core,LOW,0.0325,0.7748,0.3440
_braintree+browser-detection_1764518424_report.json,@braintree/browser-detection,LOW,0.0325,0.7748,0.3440
hasodi-lib_1764518432_report.json,hasodi-lib,LOW,0.0325,0.7748,0.3440
_xyo-network+express-node-lib_1764518534_report.json,@xyo-network/express-node-lib,LOW,0.0325,0.7748,0.3440
_storybook+core_1764518276_report.json,@storybook/core,LOW,0.2237,0.7748,0.3440
_netlify+serverless-functions-api_1764518247_report.json,@netlify/serverless-functions-api,LOW,0.0325,0.7748,0.3440
istanbul-lib-report_1764518486_report.json,istanbul-lib-report,LOW,0.0325,0.7748,0.3440
react-native-country-codes-picker_1764518497_report.json,react-native-country-codes-picker,LOW,0.0325,0.7748,0.3440
_spartez-software+jira-test_1764518524_report.json,@spartez-software/jira-test,LOW,0.0300,0.7748,0.3440
jss_1764518389_report.json,jss,LOW,0.0634,0.7748,0.3440
urlpattern-polyfill_1764518281_report.json,urlpattern-polyfill,LOW,0.0325,0.7748,0.3440
jquery.tmpl_1764518485_report.json,jquery.tmpl,LOW,0.0325,0.7748,0.3440
eslint_1764518560_report.json,eslint,LOW,0.0634,0.7748,0.3440
eslint-plugin-react_1764518573_report.json,eslint-plugin-react,LOW,0.0325,0.7748,0.3440
_signpdf+placeholder-pdf-lib_1764518414_report.json,@signpdf/placeholder-pdf-lib,LOW,0.0325,0.7748,0.3440
_codingame+monaco-vscode-api_1764518339_report.json,@codingame/monaco-vscode-api,LOW,0.0325,0.7748,0.3440
_tryghost+content-api_1764518314_report.json,@tryghost/content-api,LOW,0.0325,0.7748,0.3440
_metamask+keyring-internal-api_1764518269_report.json,@metamask/keyring-internal-api,LOW,0.0325,0.7748,0.3440
amf-json-ld-lib_1764518426_report.json,amf-json-ld-lib,LOW,0.0325,0.7748,0.3440
_types+istanbul-lib-report_1764518382_report.json,@types/istanbul-lib-report,LOW,0.0325,0.7748,0.3440
_scalar+nextjs-api-reference_1764518306_report.json,@scalar/nextjs-api-reference,LOW,0.2441,0.7748,0.3440
lz-header-lib_1764518534_report.json,lz-header-lib,LOW,0.0325,0.7748,0.3440
reflect-metadata_1764518264_report.json,reflect-metadata,LOW,0.0325,0.7748,0.3440
oauth-sign_1764518394_report.json,oauth-sign,LOW,0.0325,0.7748,0.3440
_salesforce+plugin-api_1764518300_report.json,@salesforce/plugin-api,LOW,0.0325,0.7748,0.3440
jqueryify_1764518484_report.json,jqueryify,LOW,0.0325,0.7748,0.3440
_figma+rest-api-spec_1764518286_report.json,@figma/rest-api-spec,LOW,0.0325,0.7748,0.3440
_ckeditor+ckeditor5-widget_1764518389_report.json,@ckeditor/ckeditor5-widget,LOW,0.0634,0.7748,0.3440
_turnkey+api-key-stamper_1764518270_report.json,@turnkey/api-key-stamper,LOW,0.0325,0.7748,0.3440
api-ref-bundler_1764518349_report.json,api-ref-bundler,LOW,0.0634,0.7748,0.3440
_edx+frontend-lib-special-exams_1764518469_report.json,@edx/frontend-lib-special-exams,LOW,0.2441,0.7748,0.3440
csv-parse_1764518318_report.json,csv-parse,LOW,0.0325,0.7748,0.3440
npm-api_1764518250_report.json,npm-api,LOW,0.0325,0.7748,0.3440
_microsoft+teamsfx-api_1764518253_report.json,@microsoft/teamsfx-api,LOW,0.0325,0.7748,0.3440
redux-act_1764518467_report.json,redux-act,LOW,0.0325,0.7748,0.3440
testcafe-legacy-api_1764518250_report.json,testcafe-legacy-api,LOW,0.0325,0.7748,0.3440
_storybook+core-client_1764518308_report.json,@storybook/core-client,LOW,0.0325,0.7748,0.3440
_types+bitcore-lib_1764518386_report.json,@types/bitcore-lib,LOW,0.0325,0.7748,0.3440
_swagger-api+apidom-parser-adapter-api-design-systems-yaml_1764518312_report.json,@swagger-api/apidom-parser-adapter-api-design-systems-yaml,LOW,0.2441,0.7748,0.3440
_nordcraft+std-lib_1764518467_report.json,@nordcraft/std-lib,LOW,0.0325,0.7748,0.3440
pnglib_1764518409_report.json,pnglib,LOW,0.0325,0.7748,0.3440
_adobe+aio-lib-customer-profile_1764518430_report.json,@adobe/aio-lib-customer-profile,MEDIUM,0.7600,0.7748,0.3440
_types+eslint_1764518562_report.json,@types/eslint,LOW,0.0325,0.7748,0.3440
_mongosh+shell-api_1764518354_report.json,@mongosh/shell-api,LOW,0.0634,0.7748,0.3440
_metamask+multichain-api-client_1764518284_report.json,@metamask/multichain-api-client,LOW,0.0325,0.7748,0.3440
connect-history-api-fallback_1764518269_report.json,connect-history-api-fallback,LOW,0.0325,0.7748,0.3440
_sap+cf-tools_1764518379_report.json,@sap/cf-tools,LOW,0.0325,0.7748,0.3440
_bchr+bchr-front-lib_1764518537_report.json,@bchr/bchr-front-lib,MEDIUM,0.3440,0.7748,0.3440
api-elements_1764518326_report.json,api-elements,LOW,0.0325,0.7748,0.3440
insert-text-at-cursor_1764518552_report.json,insert-text-at-cursor,LOW,0.0325,0.7748,0.3440
_manifoldxyz+service-client-lib_1764518550_report.json,@manifoldxyz/service-client-lib,LOW,0.0325,0.7748,0.3440
_item-enonic-types+lib-http-client_1764518505_report.json,@item-enonic-types/lib-http-client,LOW,0.0325,0.7748,0.3440
when-jest_1764518558_report.json,when-jest,LOW,0.2441,0.7748,0.3440
svelte-virtual-scroll-list_1764518551_report.json,svelte-virtual-scroll-list,LOW,0.0325,0.7748,0.3440
_formbricks+api_1764518344_report.json,@formbricks/api,LOW,0.0325,0.7748,0.3440
_opentelemetry+api-logs_1764518238_report.json,@opentelemetry/api-logs,LOW,0.0325,0.7748,0.3440
libnpmorg_1764518360_report.json,libnpmorg,LOW,0.0325,0.7748,0.3440
msw_1764518350_report.json,msw,LOW,0.2237,0.7748,0.3440
_aws-amplify+api-rest_1764518258_report.json,@aws-amplify/api-rest,LOW,0.0325,0.7748,0.3440
index-require_1764518531_report.json,index-require,LOW,0.0634,0.7748,0.3440
_duffel+api_1764518346_report.json,@duffel/api,LOW,0.0325,0.7748,0.3440
_kubernetes-models+gateway-api_1764518360_report.json,@kubernetes-models/gateway-api,LOW,0.0325,0.7748,0.3440
_vue+devtools-api_1764518238_report.json,@vue/devtools-api,LOW,0.0325,0.7748,0.3440
google-gax_1764518305_report.json,google-gax,MEDIUM,0.3440,0.7748,0.3440
_blackbaud+skyux-lib-addin-client_1764518457_report.json,@blackbaud/skyux-lib-addin-client,LOW,0.0325,0.7748,0.3440
micro-api-client_1764518239_report.json,micro-api-client,LOW,0.0325,0.7748,0.3440
js-file-downloader_1764518464_report.json,js-file-downloader,LOW,0.0325,0.7748,0.3440
qase-api-v2-client_1764518338_report.json,qase-api-v2-client,LOW,0.0325,0.7748,0.3440
_enonic-types+lib-schema_1764518460_report.json,@enonic-types/lib-schema,LOW,0.0325,0.7748,0.3440
appbase-js_1764518491_report.json,appbase-js,LOW,0.0325,0.7748,0.3440
blg-akaun-ts-lib_1764518410_report.json,blg-akaun-ts-lib,LOW,0.0325,0.7748,0.3440
eslint-plugin-jest_1764518572_report.json,eslint-plugin-jest,LOW,0.0325,0.7748,0.3440
_react-google-maps+api_1764518242_report.json,@react-google-maps/api,LOW,0.0325,0.7748,0.3440
_bitgo+utxo-ord_1764518502_report.json,@bitgo/utxo-ord,LOW,0.2441,0.7748,0.3440
_unrs+resolver-binding-linux-x64-musl_1764518370_report.json,@unrs/resolver-binding-linux-x64-musl,LOW,0.0325,0.7748,0.3440
qase-api-client_1764518296_report.json,qase-api-client,LOW,0.0325,0.7748,0.3440
vue-hot-reload-api_1764518250_report.json,vue-hot-reload-api,LOW,0.0634,0.7748,0.3440
